<?xml version="1.0" encoding="US-ASCII"?>


<!--
	Bayesian network in XMLBIF v0.3 (BayesNet Interchange Format)
	Produced by JavaBayes (http://www.cs.cmu.edu/~javabayes/
	Output created Fri Jan 12 10:35:37 EST 2007
-->



<!-- DTD for the XMLBIF 0.3 format -->
<!DOCTYPE BIF [
	<!ELEMENT BIF ( NETWORK )*>
	      <!ATTLIST BIF VERSION CDATA #REQUIRED>
	<!ELEMENT NETWORK ( NAME, ( PROPERTY | VARIABLE | DEFINITION )* )>
	<!ELEMENT NAME (#PCDATA)>
	<!ELEMENT VARIABLE ( NAME, ( OUTCOME |  PROPERTY )* ) >
	      <!ATTLIST VARIABLE TYPE (nature|decision|utility) "nature">
	<!ELEMENT OUTCOME (#PCDATA)>
	<!ELEMENT DEFINITION ( FOR | GIVEN | TABLE | PROPERTY )* >
	<!ELEMENT FOR (#PCDATA)>
	<!ELEMENT GIVEN (#PCDATA)>
	<!ELEMENT TABLE (#PCDATA)>
	<!ELEMENT PROPERTY (#PCDATA)>
]>


<BIF VERSION="0.3">
<NETWORK>
<NAME>Cancer</NAME>

<!-- Variables -->
<VARIABLE TYPE="nature">
	<NAME>Cancer</NAME>
	<OUTCOME>false</OUTCOME>
	<OUTCOME>true</OUTCOME>
	<PROPERTY>position = (254, 288)</PROPERTY>
</VARIABLE>

<VARIABLE TYPE="nature">
	<NAME>SerumCalcium</NAME>
	<OUTCOME>false</OUTCOME>
	<OUTCOME>true</OUTCOME>
	<PROPERTY>position = (58, 328)</PROPERTY>
</VARIABLE>

<VARIABLE TYPE="nature">
	<NAME>BrainTumor</NAME>
	<OUTCOME>false</OUTCOME>
	<OUTCOME>true</OUTCOME>
	<PROPERTY>position = (322, 135)</PROPERTY>
</VARIABLE>

<VARIABLE TYPE="nature">
	<NAME>Coma</NAME>
	<OUTCOME>false</OUTCOME>
	<OUTCOME>true</OUTCOME>
	<PROPERTY>position = (77, 85)</PROPERTY>
</VARIABLE>

<VARIABLE TYPE="nature">
	<NAME>Headaches</NAME>
	<OUTCOME>false</OUTCOME>
	<OUTCOME>true</OUTCOME>
	<PROPERTY>position = (77, 85)</PROPERTY>
</VARIABLE>


<!-- Probability distributions -->
<DEFINITION>
	<FOR>Cancer</FOR>
	<TABLE>0.8 0.2 </TABLE>
</DEFINITION>

<DEFINITION>
	<FOR>SerumCalcium</FOR>
	<GIVEN>Cancer</GIVEN>
	<TABLE>0.8 0.2 0.2 0.8 </TABLE>
</DEFINITION>

<DEFINITION>
	<FOR>BrainTumor</FOR>
	<GIVEN>Cancer</GIVEN>
	<TABLE>0.95 0.05 0.8 0.2 </TABLE>
</DEFINITION>

<DEFINITION>
	<FOR>Coma</FOR>
	<GIVEN>SerumCalcium</GIVEN>
	<GIVEN>BrainTumor</GIVEN>
	<TABLE>0.95 0.05 0.2 0.8 0.2 0.8 0.2 0.8 </TABLE>
</DEFINITION>

<DEFINITION>
	<FOR>Headaches</FOR>
	<GIVEN>BrainTumor</GIVEN>
	<TABLE>0.4 0.6 0.2 0.8 </TABLE>
</DEFINITION>


</NETWORK>
</BIF>
