<?xml version="1.0" encoding="US-ASCII"?>


<!--
	Bayesian network in XMLBIF v0.3 (BayesNet Interchange Format)
-->



<!-- DTD for the XMLBIF 0.3 format -->
<!DOCTYPE BIF [
	<!ELEMENT BIF ( NETWORK )*>
	      <!ATTLIST BIF VERSION CDATA #REQUIRED>
	<!ELEMENT NETWORK ( NAME, ( PROPERTY | VARIABLE | DEFINITION )* )>
	<!ELEMENT NAME (#PCDATA)>
	<!ELEMENT VARIABLE ( NAME, ( OUTCOME |  PROPERTY )* ) >
	      <!ATTLIST VARIABLE TYPE (nature|decision|utility) "nature">
	<!ELEMENT OUTCOME (#PCDATA)>
	<!ELEMENT DEFINITION ( FOR | GIVEN | TABLE | PROPERTY )* >
	<!ELEMENT FOR (#PCDATA)>
	<!ELEMENT GIVEN (#PCDATA)>
	<!ELEMENT TABLE (#PCDATA)>
	<!ELEMENT PROPERTY (#PCDATA)>
]>


<BIF VERSION="0.3">
<NETWORK>
<NAME>Cancer</NAME>

<!-- Variables -->
<VARIABLE TYPE="nature">
	<NAME>Burglary</NAME>
	<OUTCOME>false</OUTCOME>
	<OUTCOME>true</OUTCOME>
</VARIABLE>

<VARIABLE TYPE="nature">
	<NAME>Earthquake</NAME>
	<OUTCOME>false</OUTCOME>
	<OUTCOME>true</OUTCOME>
</VARIABLE>

<VARIABLE TYPE="nature">
	<NAME>Alarm</NAME>
	<OUTCOME>false</OUTCOME>
	<OUTCOME>true</OUTCOME>
</VARIABLE>

<VARIABLE TYPE="nature">
	<NAME>Phone</NAME>
	<OUTCOME>false</OUTCOME>
	<OUTCOME>true</OUTCOME>
</VARIABLE>

<VARIABLE TYPE="nature">
	<NAME>John</NAME>
	<OUTCOME>false</OUTCOME>
	<OUTCOME>true</OUTCOME>
</VARIABLE>

<VARIABLE TYPE="nature">
	<NAME>Mary</NAME>
	<OUTCOME>false</OUTCOME>
	<OUTCOME>true</OUTCOME>
</VARIABLE>


<!-- Probability distributions -->
<DEFINITION>
	<FOR>Burglary</FOR>
	<TABLE>0.99 0.01 </TABLE>
</DEFINITION>

<DEFINITION>
	<FOR>Earthquake</FOR>
	<TABLE>0.98 0.02 </TABLE>
</DEFINITION>

<DEFINITION>
	<FOR>Alarm</FOR>
	<GIVEN>Burglary</GIVEN>
	<GIVEN>Earthquake</GIVEN>
	<TABLE>0.999 0.001 0.71 0.29 0.006 0.94 0.05 0.95 </TABLE>
</DEFINITION>

<DEFINITION>
	<FOR>Phone</FOR>
	<TABLE>0.95 0.05 </TABLE>
</DEFINITION>

<DEFINITION>
	<FOR>John</FOR>
	<GIVEN>Alarm</GIVEN>
	<GIVEN>Phone</GIVEN>
	<TABLE>0.95 0.05 0.95 0.05 0.1 0.9 0.1 0.9</TABLE>
</DEFINITION>

<DEFINITION>
	<FOR>Mary</FOR>
	<GIVEN>Alarm</GIVEN>
	<TABLE>0.99 0.01 0.3 0.7</TABLE>
</DEFINITION>


</NETWORK>
</BIF>
