<?xml version="1.0" encoding="US-ASCII"?>


<!--
	Bayesian network in XMLBIF v0.3 (BayesNet Interchange Format)
	Produced by JavaBayes (http://www.cs.cmu.edu/~javabayes/
	Output created Fri Jan 12 10:35:37 EST 2007
-->



<!-- DTD for the XMLBIF 0.3 format -->
<!DOCTYPE BIF [
	<!ELEMENT BIF ( NETWORK )*>
	      <!ATTLIST BIF VERSION CDATA #REQUIRED>
	<!ELEMENT NETWORK ( NAME, ( PROPERTY | VARIABLE | DEFINITION )* )>
	<!ELEMENT NAME (#PCDATA)>
	<!ELEMENT VARIABLE ( NAME, ( OUTCOME |  PROPERTY )* ) >
	      <!ATTLIST VARIABLE TYPE (nature|decision|utility) "nature">
	<!ELEMENT OUTCOME (#PCDATA)>
	<!ELEMENT DEFINITION ( FOR | GIVEN | TABLE | PROPERTY )* >
	<!ELEMENT FOR (#PCDATA)>
	<!ELEMENT GIVEN (#PCDATA)>
	<!ELEMENT TABLE (#PCDATA)>
	<!ELEMENT PROPERTY (#PCDATA)>
]>


<BIF VERSION="0.3">
<NETWORK>
<NAME>Grass</NAME>

<!-- Variables -->
<VARIABLE TYPE="nature">
	<NAME>Cloudy</NAME>
	<OUTCOME>false</OUTCOME>
	<OUTCOME>true</OUTCOME>
	<PROPERTY>position = (254, 288)</PROPERTY>
</VARIABLE>

<VARIABLE TYPE="nature">
	<NAME>Sprinkler</NAME>
	<OUTCOME>false</OUTCOME>
	<OUTCOME>true</OUTCOME>
	<PROPERTY>position = (58, 328)</PROPERTY>
</VARIABLE>

<VARIABLE TYPE="nature">
	<NAME>Rain</NAME>
	<OUTCOME>false</OUTCOME>
	<OUTCOME>true</OUTCOME>
	<PROPERTY>position = (322, 135)</PROPERTY>
</VARIABLE>

<VARIABLE TYPE="nature">
	<NAME>WetGrass</NAME>
	<OUTCOME>false</OUTCOME>
	<OUTCOME>true</OUTCOME>
	<PROPERTY>position = (77, 85)</PROPERTY>
</VARIABLE>


<!-- Probability distributions -->
<DEFINITION>
	<FOR>Cloudy</FOR>
	<TABLE>0.5 0.5 </TABLE>
</DEFINITION>

<DEFINITION>
	<FOR>Sprinkler</FOR>
	<GIVEN>Cloudy</GIVEN>
	<TABLE>0.5 0.5 0.9 0.1 </TABLE>
</DEFINITION>

<DEFINITION>
	<FOR>Rain</FOR>
	<GIVEN>Cloudy</GIVEN>
	<TABLE>0.8 0.2 0.2 0.8 </TABLE>
</DEFINITION>

<DEFINITION>
	<FOR>WetGrass</FOR>
	<GIVEN>Rain</GIVEN>
	<GIVEN>Sprinkler</GIVEN>
	<TABLE>1.0 0.0 0.1 0.9 0.1 0.9 0.01 0.99 </TABLE>
</DEFINITION>


</NETWORK>
</BIF>
